{"cameraMode":{"drawMode":0,"name":"Shaded","section":"Shading Mode"},"sceneLighting":false,"audioPlay":false,"sceneViewState":{"m_AlwaysRefresh":false,"showFog":true,"showSkybox":false,"showFlares":true,"showImageEffects":true,"showParticleSystems":true,"showVisualEffectGraphs":true,"m_FxEnabled":true},"in2DMode":false,"pivot":{"x":4.154316425323486,"y":7.500156402587891,"z":35.789466857910159},"rotation":{"x":0.45188474655151369,"y":0.009920038282871247,"z":-0.0050519113428890709,"w":0.892034649848938},"size":9.696372032165528,"orthographic":false}