{"cameraMode":{"drawMode":0,"name":"Shaded","section":"Shading Mode"},"sceneLighting":false,"audioPlay":false,"sceneViewState":{"m_AlwaysRefresh":false,"showFog":true,"showSkybox":false,"showFlares":true,"showImageEffects":true,"showParticleSystems":true,"showVisualEffectGraphs":true,"m_FxEnabled":true},"in2DMode":false,"pivot":{"x":15.755472183227539,"y":-16.601673126220704,"z":71.35247802734375},"rotation":{"x":-0.15902462601661683,"y":-0.09733256697654724,"z":0.015946315601468087,"w":-0.982391893863678},"size":33.049041748046878,"orthographic":false}