{"cameraMode":{"drawMode":0,"name":"Shaded","section":"Shading Mode"},"sceneLighting":false,"audioPlay":false,"sceneViewState":{"m_AlwaysRefresh":false,"showFog":true,"showSkybox":false,"showFlares":true,"showImageEffects":true,"showParticleSystems":true,"showVisualEffectGraphs":true,"m_FxEnabled":true},"in2DMode":false,"pivot":{"x":3.615751028060913,"y":-2.7342190742492677,"z":61.084442138671878},"rotation":{"x":0.20928514003753663,"y":0.021999476477503778,"z":-0.004709644243121147,"w":0.9775971174240112},"size":11.043492317199707,"orthographic":false}