{"cameraMode":{"drawMode":0,"name":"Shaded","section":"Shading Mode"},"sceneLighting":false,"audioPlay":false,"sceneViewState":{"m_AlwaysRefresh":false,"showFog":true,"showSkybox":false,"showFlares":true,"showImageEffects":true,"showParticleSystems":true,"showVisualEffectGraphs":true,"m_FxEnabled":true},"in2DMode":false,"pivot":{"x":9.194692611694336,"y":-0.010535955429077149,"z":77.40768432617188},"rotation":{"x":0.060707397758960727,"y":0.7227723002433777,"z":-0.06424503773450852,"w":0.6854908466339111},"size":8.592041969299317,"orthographic":false}