{"cameraMode":{"drawMode":0,"name":"Shaded","section":"Shading Mode"},"sceneLighting":false,"audioPlay":false,"sceneViewState":{"m_AlwaysRefresh":false,"showFog":true,"showSkybox":false,"showFlares":true,"showImageEffects":true,"showParticleSystems":true,"showVisualEffectGraphs":true,"m_FxEnabled":true},"in2DMode":false,"pivot":{"x":14.401887893676758,"y":-12.274969100952149,"z":50.34358215332031},"rotation":{"x":0.29955896735191347,"y":0.36944302916526797,"z":-0.12727364897727967,"w":0.8704323768615723},"size":20.043079376220704,"orthographic":false}