{"cameraMode":{"drawMode":0,"name":"Shaded","section":"Shading Mode"},"sceneLighting":false,"audioPlay":false,"sceneViewState":{"m_AlwaysRefresh":false,"showFog":true,"showSkybox":false,"showFlares":true,"showImageEffects":true,"showParticleSystems":true,"showVisualEffectGraphs":true,"m_FxEnabled":true},"in2DMode":false,"pivot":{"x":0.16921043395996095,"y":-10.343409538269043,"z":37.435733795166019},"rotation":{"x":0.2827928066253662,"y":0.3167191445827484,"z":-0.09961984306573868,"w":0.8999218940734863},"size":19.868484497070314,"orthographic":false}