{"cameraMode":{"drawMode":0,"name":"Shaded","section":"Shading Mode"},"sceneLighting":false,"audioPlay":false,"sceneViewState":{"m_AlwaysRefresh":false,"showFog":true,"showSkybox":false,"showFlares":true,"showImageEffects":true,"showParticleSystems":true,"showVisualEffectGraphs":true,"m_FxEnabled":true},"in2DMode":false,"pivot":{"x":-0.24717819690704347,"y":2.1241111755371095,"z":7.307206153869629},"rotation":{"x":-0.04185723140835762,"y":-0.07597779482603073,"z":-0.0033307988196611406,"w":0.9962776303291321},"size":5.563383102416992,"orthographic":false}