{"cameraMode":{"drawMode":0,"name":"Shaded","section":"Shading Mode"},"sceneLighting":false,"audioPlay":false,"sceneViewState":{"m_AlwaysRefresh":false,"showFog":true,"showSkybox":false,"showFlares":true,"showImageEffects":true,"showParticleSystems":true,"showVisualEffectGraphs":true,"m_FxEnabled":true},"in2DMode":false,"pivot":{"x":1.3454056978225709,"y":-6.558769226074219,"z":20.082632064819337},"rotation":{"x":0.36460667848587038,"y":-0.03686642646789551,"z":0.014354945160448552,"w":0.9303579330444336},"size":19.87000274658203,"orthographic":false}