{"cameraMode":{"drawMode":0,"name":"Shaded","section":"Shading Mode"},"sceneLighting":false,"audioPlay":false,"sceneViewState":{"m_AlwaysRefresh":false,"showFog":true,"showSkybox":false,"showFlares":true,"showImageEffects":true,"showParticleSystems":true,"showVisualEffectGraphs":true,"m_FxEnabled":true},"in2DMode":false,"pivot":{"x":0.28390049934387209,"y":-2.9106388092041017,"z":16.850406646728517},"rotation":{"x":0.22113607823848725,"y":-0.10884469747543335,"z":0.02481536939740181,"w":0.9688588976860046},"size":6.13751220703125,"orthographic":false}