{"cameraMode":{"drawMode":0,"name":"Shaded","section":"Shading Mode"},"sceneLighting":false,"audioPlay":false,"sceneViewState":{"m_AlwaysRefresh":false,"showFog":true,"showSkybox":false,"showFlares":true,"showImageEffects":true,"showParticleSystems":true,"showVisualEffectGraphs":true,"m_FxEnabled":true},"in2DMode":false,"pivot":{"x":22.71664047241211,"y":-0.9717044830322266,"z":80.82746887207031},"rotation":{"x":0.04229986295104027,"y":0.5909902453422546,"z":-0.031055476516485215,"w":0.8049709796905518},"size":15.791284561157227,"orthographic":false}