{"cameraMode":{"drawMode":0,"name":"Shaded","section":"Shading Mode"},"sceneLighting":false,"audioPlay":false,"sceneViewState":{"m_AlwaysRefresh":false,"showFog":true,"showSkybox":false,"showFlares":true,"showImageEffects":true,"showParticleSystems":true,"showVisualEffectGraphs":true,"m_FxEnabled":true},"in2DMode":false,"pivot":{"x":-0.5834300518035889,"y":-3.0105156898498537,"z":6.8744330406188969},"rotation":{"x":0.2781611382961273,"y":-0.029921365901827813,"z":0.008546768687665463,"w":0.9600849151611328},"size":5.494825839996338,"orthographic":false}