{"cameraMode":{"drawMode":0,"name":"Shaded","section":"Shading Mode"},"sceneLighting":false,"audioPlay":false,"sceneViewState":{"m_AlwaysRefresh":false,"showFog":true,"showSkybox":false,"showFlares":true,"showImageEffects":true,"showParticleSystems":true,"showVisualEffectGraphs":true,"m_FxEnabled":true},"in2DMode":false,"pivot":{"x":1.8330551385879517,"y":-0.9834446907043457,"z":7.939282417297363},"rotation":{"x":0.11051546037197113,"y":0.06739947944879532,"z":-0.00763305276632309,"w":0.9916109442710877},"size":4.894825458526611,"orthographic":false}