{"cameraMode":{"drawMode":0,"name":"Shaded","section":"Shading Mode"},"sceneLighting":false,"audioPlay":false,"sceneViewState":{"m_AlwaysRefresh":false,"showFog":true,"showSkybox":false,"showFlares":true,"showImageEffects":true,"showParticleSystems":true,"showVisualEffectGraphs":true,"m_FxEnabled":true},"in2DMode":false,"pivot":{"x":2.2494001388549806,"y":5.551815986633301,"z":16.884037017822267},"rotation":{"x":-0.39578649401664736,"y":-0.43810397386550906,"z":0.22361209988594056,"w":-0.7755398154258728},"size":7.5430498123168949,"orthographic":false}