{"cameraMode":{"drawMode":0,"name":"Shaded","section":"Shading Mode"},"sceneLighting":false,"audioPlay":false,"sceneViewState":{"m_AlwaysRefresh":false,"showFog":true,"showSkybox":false,"showFlares":true,"showImageEffects":true,"showParticleSystems":true,"showVisualEffectGraphs":true,"m_FxEnabled":true},"in2DMode":false,"pivot":{"x":-0.07922744750976563,"y":-5.675022125244141,"z":49.670310974121097},"rotation":{"x":0.23548781871795655,"y":-0.4218641519546509,"z":0.11442382633686066,"w":0.8680609464645386},"size":17.490787506103517,"orthographic":false}