{"cameraMode":{"drawMode":0,"name":"Shaded","section":"Shading Mode"},"sceneLighting":true,"audioPlay":false,"sceneViewState":{"m_AlwaysRefresh":false,"showFog":true,"showSkybox":true,"showFlares":true,"showImageEffects":true,"showParticleSystems":true,"showVisualEffectGraphs":true,"m_FxEnabled":true},"in2DMode":false,"pivot":{"x":27.18086814880371,"y":-47.48005676269531,"z":380.3601379394531},"rotation":{"x":0.30782899260520937,"y":0.18846896290779115,"z":-0.06249586492776871,"w":0.9305486083030701},"size":62.425453186035159,"orthographic":false}