{"cameraMode":{"drawMode":0,"name":"Shaded","section":"Shading Mode"},"sceneLighting":true,"audioPlay":false,"sceneViewState":{"m_AlwaysRefresh":false,"showFog":true,"showSkybox":true,"showFlares":true,"showImageEffects":true,"showParticleSystems":true,"showVisualEffectGraphs":true,"m_FxEnabled":true},"in2DMode":false,"pivot":{"x":3.534890651702881,"y":7.554997444152832,"z":40.6483268737793},"rotation":{"x":-0.01797248236835003,"y":0.05426030978560448,"z":0.0009772332850843669,"w":0.9983725547790527},"size":27.92728614807129,"orthographic":false}