{"cameraMode":{"drawMode":0,"name":"Shaded","section":"Shading Mode"},"sceneLighting":true,"audioPlay":false,"sceneViewState":{"m_AlwaysRefresh":false,"showFog":true,"showSkybox":true,"showFlares":true,"showImageEffects":true,"showParticleSystems":true,"showVisualEffectGraphs":true,"m_FxEnabled":true},"in2DMode":false,"pivot":{"x":18.356143951416017,"y":11.898111343383789,"z":0.0000133514404296875},"rotation":{"x":0.3277091383934021,"y":-0.05774569511413574,"z":0.019925905391573907,"w":0.94285649061203},"size":6.7198486328125,"orthographic":false}