{"cameraMode":{"drawMode":0,"name":"Shaded","section":"Shading Mode"},"sceneLighting":false,"audioPlay":false,"sceneViewState":{"m_AlwaysRefresh":false,"showFog":true,"showSkybox":false,"showFlares":true,"showImageEffects":true,"showParticleSystems":true,"showVisualEffectGraphs":true,"m_FxEnabled":true},"in2DMode":false,"pivot":{"x":3.270773410797119,"y":10.515115737915039,"z":30.083454132080079},"rotation":{"x":0.45188474655151369,"y":0.009920038282871247,"z":-0.0050519113428890709,"w":0.892034649848938},"size":-0.41585785150527956,"orthographic":false}