{"cameraMode":{"drawMode":0,"name":"Shaded","section":"Shading Mode"},"sceneLighting":false,"audioPlay":false,"sceneViewState":{"m_AlwaysRefresh":false,"showFog":true,"showSkybox":false,"showFlares":true,"showImageEffects":true,"showParticleSystems":true,"showVisualEffectGraphs":true,"m_FxEnabled":true},"in2DMode":false,"pivot":{"x":4.087279319763184,"y":-30.65283966064453,"z":55.049774169921878},"rotation":{"x":0.29265958070755007,"y":-0.008290037512779236,"z":0.0023757205344736578,"w":0.9562336206436157},"size":35.824188232421878,"orthographic":false}