{"cameraMode":{"drawMode":0,"name":"Shaded","section":"Shading Mode"},"sceneLighting":false,"audioPlay":false,"sceneViewState":{"m_AlwaysRefresh":false,"showFog":true,"showSkybox":false,"showFlares":true,"showImageEffects":true,"showParticleSystems":true,"showVisualEffectGraphs":true,"m_FxEnabled":true},"in2DMode":false,"pivot":{"x":-2.5273265838623049,"y":1.4999938011169434,"z":4.168276786804199},"rotation":{"x":0.3422400951385498,"y":0.03184398263692856,"z":-0.011694660410284996,"w":0.9390354752540588},"size":2.9109103679656984,"orthographic":false}