{"cameraMode":{"drawMode":0,"name":"Shaded","section":"Shading Mode"},"sceneLighting":false,"audioPlay":false,"sceneViewState":{"m_AlwaysRefresh":false,"showFog":true,"showSkybox":false,"showFlares":true,"showImageEffects":true,"showParticleSystems":true,"showVisualEffectGraphs":true,"m_FxEnabled":true},"in2DMode":false,"pivot":{"x":1.2222462892532349,"y":1.9894317388534547,"z":67.13156127929688},"rotation":{"x":0.002116139978170395,"y":-0.9976328611373901,"z":0.05932515487074852,"w":0.03535885363817215},"size":7.309874057769775,"orthographic":false}