{"cameraMode":{"drawMode":0,"name":"Shaded","section":"Shading Mode"},"sceneLighting":false,"audioPlay":false,"sceneViewState":{"m_AlwaysRefresh":false,"showFog":true,"showSkybox":false,"showFlares":true,"showImageEffects":true,"showParticleSystems":true,"showVisualEffectGraphs":true,"m_FxEnabled":true},"in2DMode":false,"pivot":{"x":0.09999999403953552,"y":1.499999761581421,"z":0.09999999403953552},"rotation":{"x":0.4082421064376831,"y":0.1886480450630188,"z":-0.08664944022893906,"w":0.8889847993850708},"size":1.5066516399383546,"orthographic":false}