{"cameraMode":{"drawMode":0,"name":"Shaded","section":"Shading Mode"},"sceneLighting":false,"audioPlay":false,"sceneViewState":{"m_AlwaysRefresh":false,"showFog":true,"showSkybox":false,"showFlares":true,"showImageEffects":true,"showParticleSystems":true,"showVisualEffectGraphs":true,"m_FxEnabled":true},"in2DMode":false,"pivot":{"x":1.4637455940246583,"y":-0.8239617347717285,"z":77.02385711669922},"rotation":{"x":0.17407114803791047,"y":0.7216957211494446,"z":-0.19635801017284394,"w":0.6406294703483582},"size":3.5391640663146974,"orthographic":false}